Index,Mainnet_Public_Key,Action,Amount_Asset,Transaction_Hash,StellarExpert_Link
1,"GDT4ERHDZKTVWLOHE6I44HATOVKB56CDOJLBN5LX6SBRRCXIR3M3JVK5","Gullak Vault Deposit","250.00 XLM","24d141f8769bc64850a96fd416c9ea342d80797171a6201d526f6415db6d38ab","https://stellar.expert/explorer/public/account/GDT4ERHDZKTVWLOHE6I44HATOVKB56CDOJLBN5LX6SBRRCXIR3M3JVK5"
2,"GCJQOBMY3GX35EE4H2ZRKSHSD456BUR7NQ5H3YBF332HFLPML3I3CWOX","sXAU Metals Swap","0.0400 sXAU","6733011d9e078f35b5077ece421003fffbb2ca69cc9c61c54ed09bc9517056a5","https://stellar.expert/explorer/public/account/GCJQOBMY3GX35EE4H2ZRKSHSD456BUR7NQ5H3YBF332HFLPML3I3CWOX"
3,"GADIFWHAVXRPHVQAHJSOS3TSBOZLO4JQGKYAK3DTPPXFNTBUKRPHXZRV","sXAG Metals Swap","15.00 sXAG","3af779176af5e6da6352d8cf382e782eed9e5fb411f9c5ebd73f2988493012db","https://stellar.expert/explorer/public/account/GADIFWHAVXRPHVQAHJSOS3TSBOZLO4JQGKYAK3DTPPXFNTBUKRPHXZRV"
4,"GDYC5DNE2F6GJUF35NGP2PCF547CMSYJL2RZ7JMOSDCPKOIT53G5SD3T","USDC Collateral Loan","400.00 USDC","758ce4057c456784aad9db8baa114e300877c7ded6e9858df7efef215ff9dc55","https://stellar.expert/explorer/public/account/GDYC5DNE2F6GJUF35NGP2PCF547CMSYJL2RZ7JMOSDCPKOIT53G5SD3T"
5,"GB2OHY65OZKHDYTNA32FXN5A2OT2OBHXTL26KEIIVEGIDKWZBSPLQXKG","P2P Micro-Gift","250.00 XLM","00d43a0db72c0d696718984476f677b107a30c8b9d417e7978825f8ce521cf74","https://stellar.expert/explorer/public/account/GB2OHY65OZKHDYTNA32FXN5A2OT2OBHXTL26KEIIVEGIDKWZBSPLQXKG"
6,"GABOVYPACTEJZWPB7WIO7KFUAHGCAXOOQ52KTEGD7BYXVEXSQXJBKIQM","Soroban Execution","250.00 XLM","6b3ac780773b972790e83d794d9d32191172631592ae7347d2c50cc75ba75137","https://stellar.expert/explorer/public/account/GABOVYPACTEJZWPB7WIO7KFUAHGCAXOOQ52KTEGD7BYXVEXSQXJBKIQM"
7,"GCGLADP66DZ3GBUSCOJNPRWKD5CMJ6XZ3KA3IKPTHJ6HZ23MCJYYKEHT","Gullak Vault Deposit","250.00 XLM","71846c4829c211e5d5fed12b36c18e5dc445e961b6c23b0e41f0f55f4cf2bc72","https://stellar.expert/explorer/public/account/GCGLADP66DZ3GBUSCOJNPRWKD5CMJ6XZ3KA3IKPTHJ6HZ23MCJYYKEHT"
8,"GAP7CJUPEZVSZYSJGKWYNPFPLDEKXTPHWNITWP4PN36IV2NSX3MGXCM5","sXAU Metals Swap","0.0600 sXAU","e0ab96a3290159cd2c56284f5cc93f0b73ba31f4ce15482fffa8633f706e9901","https://stellar.expert/explorer/public/account/GAP7CJUPEZVSZYSJGKWYNPFPLDEKXTPHWNITWP4PN36IV2NSX3MGXCM5"
9,"GB3BURRSJYURHPKSKPKOSSFRFWJIRIL5G6FTSYXJKJC53M2C6UY6OLSU","sXAG Metals Swap","20.00 sXAG","b844a3e48eb43e6f2c80c9e6f6034ccb2d14bc5e90f1ab22fca3318b215fabea","https://stellar.expert/explorer/public/account/GB3BURRSJYURHPKSKPKOSSFRFWJIRIL5G6FTSYXJKJC53M2C6UY6OLSU"
10,"GDC45HGPGQ3P7642VXVAL3FIKGVYPMVGK7XFHDV7WBQBWMPIMAM2PWPB","USDC Collateral Loan","500.00 USDC","ac572c32e9f2580ffba6bd8bb5a140594d3d9d1bdaa7623d01b16bcb147467d1","https://stellar.expert/explorer/public/account/GDC45HGPGQ3P7642VXVAL3FIKGVYPMVGK7XFHDV7WBQBWMPIMAM2PWPB"
11,"GASXG77WLVTMUL5Q3HHHVAW2RWVN7WTF3QLZ6BRVJV2CUXTHAVH2VEDC","P2P Micro-Gift","250.00 XLM","10d3b349459f3039c6edc165866d318ad4c06af312ce7fac556db1194c1f1b9d","https://stellar.expert/explorer/public/account/GASXG77WLVTMUL5Q3HHHVAW2RWVN7WTF3QLZ6BRVJV2CUXTHAVH2VEDC"
12,"GBLI7575EBYUWCVIRV66ICES6MCZ3FUYUPM32YHZIX7DUWJ3LAV2T2NE","Soroban Execution","250.00 XLM","f09faa690e207812e790f13ff7a9f007825e6a12be84f72f61e6a0908b9fd60a","https://stellar.expert/explorer/public/account/GBLI7575EBYUWCVIRV66ICES6MCZ3FUYUPM32YHZIX7DUWJ3LAV2T2NE"
13,"GC3LDWMIEFSYROSF77LE6RK6U6GZGPG7TK674ZAVUYT6IB7WTZTZEVT4","Gullak Vault Deposit","250.00 XLM","c9ae5fd7b25c7ff04d3330121f18030ba9550649d3684d33108c4ab76f843b39","https://stellar.expert/explorer/public/account/GC3LDWMIEFSYROSF77LE6RK6U6GZGPG7TK674ZAVUYT6IB7WTZTZEVT4"
14,"GARSAD4VYJ2OFSKE4EWFOVRY3SCN5DDYA47SPR6NDQYT7FBGZ6QWX3EN","sXAU Metals Swap","0.0800 sXAU","59427fd374001cdd529d24ffb5dff98a8a6ff48581972f16eef38bdd83268884","https://stellar.expert/explorer/public/account/GARSAD4VYJ2OFSKE4EWFOVRY3SCN5DDYA47SPR6NDQYT7FBGZ6QWX3EN"
15,"GDTK2RU4LLZROLKWHMADFNU2GGKDJZR3GE6VFKKCARYDCNUWY77B6QV5","sXAG Metals Swap","25.00 sXAG","f93db201488948d60586e6d55e19807fc849d9fd06d68790fdcf2b6453f672aa","https://stellar.expert/explorer/public/account/GDTK2RU4LLZROLKWHMADFNU2GGKDJZR3GE6VFKKCARYDCNUWY77B6QV5"
16,"GC433XYX56SNJAEIBZ2XMF36ZT6UGF7ORQ2QPO7YQKIPQS6K2BGLWEGT","USDC Collateral Loan","100.00 USDC","8eadb0b879c9debe86d882fa1086816545c3cb4ccbbe8f845bdfe6d48ca030a2","https://stellar.expert/explorer/public/account/GC433XYX56SNJAEIBZ2XMF36ZT6UGF7ORQ2QPO7YQKIPQS6K2BGLWEGT"
17,"GDP3CJ37ZI5KZPGIWBND3QCWNGQBEBUOJKVN7A2Q62RGYU6KSPJ5WLMD","P2P Micro-Gift","250.00 XLM","63e4e0a784603dfcc591a898ff10eb884a2bddcb678516fd31045ceb45ddc06e","https://stellar.expert/explorer/public/account/GDP3CJ37ZI5KZPGIWBND3QCWNGQBEBUOJKVN7A2Q62RGYU6KSPJ5WLMD"
18,"GDC3SHXSOB6XL2BQJEFPJJNV35F4WDNSX2PMCE4E2BKJKNZUFG6J23TV","Soroban Execution","250.00 XLM","8c4817e3f8d7d53dceb87a5d9674ad25715ae5ac5d0ce9d1713dd7cf9d229293","https://stellar.expert/explorer/public/account/GDC3SHXSOB6XL2BQJEFPJJNV35F4WDNSX2PMCE4E2BKJKNZUFG6J23TV"
19,"GCRDDBP2CPWEIAR4VFCHLRIEXIHNA4CDBNMNQ6333YL4QYTXMMPIW3ZR","Gullak Vault Deposit","250.00 XLM","b7283ec4b21ffb4732618a9e9171f6c0aa38db57ac5f55d1cea0d6df86126f33","https://stellar.expert/explorer/public/account/GCRDDBP2CPWEIAR4VFCHLRIEXIHNA4CDBNMNQ6333YL4QYTXMMPIW3ZR"
20,"GBPOTHN6CP2LHSDI64GXUZYEMRQ7FOE5AT6QCIMEYL6MCEXF456PLB3G","sXAU Metals Swap","0.1000 sXAU","deba8d86e0724d79bcdad4ceb17a822519fe363eaf2807e2cf3f8cdb91bb67c6","https://stellar.expert/explorer/public/account/GBPOTHN6CP2LHSDI64GXUZYEMRQ7FOE5AT6QCIMEYL6MCEXF456PLB3G"
21,"GD26EJDREQAKWAVVU7JVIV6H6KGATKWZPK7PJWH6VL76AH3G6RDOHSGK","sXAG Metals Swap","5.00 sXAG","d59af3a6ed217de1fe6685027eb33faf416b178b407ae8be0ba3d5e61f87513c","https://stellar.expert/explorer/public/account/GD26EJDREQAKWAVVU7JVIV6H6KGATKWZPK7PJWH6VL76AH3G6RDOHSGK"
22,"GA66FR5DEINFPPCE4WM3NDLFXTFUKDMT2Y65I72VAZJK73RCGLXHLQCK","USDC Collateral Loan","200.00 USDC","c1027c78119e278516b6b8de5318fb06e715166be657e141337c6e8f77ecc063","https://stellar.expert/explorer/public/account/GA66FR5DEINFPPCE4WM3NDLFXTFUKDMT2Y65I72VAZJK73RCGLXHLQCK"
23,"GA7EABVGLFX4PN4DRDZZFWVPYPXNTSMAW6ZOID5B6DIW64CY77QGKVZD","P2P Micro-Gift","250.00 XLM","1040f88eb2eb3ee09740bdfb67fb25f682944091b3f0fdca5d7d001ee890290f","https://stellar.expert/explorer/public/account/GA7EABVGLFX4PN4DRDZZFWVPYPXNTSMAW6ZOID5B6DIW64CY77QGKVZD"
24,"GB3QSCZISODPNPK7L7QHQTXUU3VU7VDC7FOOUSR2WOYZGANZ56YEIF2K","Soroban Execution","250.00 XLM","34bdcb02864eced6649d9f454417dcd436e50cc0f903b663444da53f3daa23ac","https://stellar.expert/explorer/public/account/GB3QSCZISODPNPK7L7QHQTXUU3VU7VDC7FOOUSR2WOYZGANZ56YEIF2K"
25,"GCEDNXH46MT62XK45DVFUFJ5J3SP6U3O5FNHKU3QCDL4DBVJVUPAILB5","Gullak Vault Deposit","250.00 XLM","911216edf89b557f0c2f8d0ebb5359a47899d9a62cba92b5be248e0c04f78920","https://stellar.expert/explorer/public/account/GCEDNXH46MT62XK45DVFUFJ5J3SP6U3O5FNHKU3QCDL4DBVJVUPAILB5"
